{
  "name": "e2e demo",
  "description": "A demo to show e2e usage",
  "app": {
    "script": "e2edemo.js",
    "index": "main.html"
  },
  "provides": ["e2edemo"],
  "default": "e2edemo",
  "api": {
    "e2edemo": {
      "runCryptoDemo": {
        "type": "method",
        "value": [],
        "ret": []
      },
      "runImportDemo": {
        "type": "method",
        "value": ["string", "string", "string", ["array", "string"]],
        "ret": []
      },
      "print": {
        "type": "event",
        "value": "string"
      }
    }
  },
  "dependencies": {
    "e2e": {
      "url": "../pgpapi.json",
      "api": "crypto"
    }
  },
  "permissions": [
    "core.storage"
  ]
}
